,Date,FGM,CLOSE_DEF_DIST
92194,2015-03-04,1,13.7
92195,2015-03-04,1,4.8
92196,2015-03-04,0,2.1
92197,2015-03-04,0,3.1
92198,2015-03-04,0,1.6
92199,2015-03-04,1,1.8
92200,2015-03-04,1,2.0
92201,2015-03-04,0,2.1
92202,2015-03-04,0,10.0
92203,2015-03-04,1,3.3
92204,2015-03-04,0,4.2
92205,2015-03-04,1,15.3
92206,2015-03-04,0,2.6
92207,2015-03-04,0,0.5
92208,2015-03-04,1,4.6
92209,2015-03-04,0,1.8
92210,2015-03-01,0,3.4
92211,2015-03-01,1,0.0
92212,2015-03-01,1,7.5
92213,2015-03-01,0,2.9
92214,2015-03-01,0,1.8
92215,2015-03-01,0,6.3
92216,2015-03-01,1,2.5
92217,2015-03-01,0,3.0
92218,2015-03-01,1,2.8
92219,2015-03-01,0,4.3
92220,2015-03-01,0,1.4
92221,2015-03-01,1,2.3
92222,2015-03-01,1,3.4
92223,2015-03-01,1,6.2
92224,2015-03-01,0,5.4
92225,2015-03-01,1,2.6
92226,2015-03-01,0,4.7
92227,2015-03-01,0,3.0
92228,2015-02-27,0,3.1
92229,2015-02-27,0,3.4
92230,2015-02-27,1,3.1
92231,2015-02-27,0,1.8
92232,2015-02-27,0,1.0
92233,2015-02-27,0,2.3
92234,2015-02-27,1,2.7
92235,2015-02-27,1,1.8
92236,2015-02-27,0,4.5
92237,2015-02-27,0,2.1
92238,2015-02-27,0,1.9
92239,2015-02-27,0,5.1
92240,2015-02-27,0,3.1
92241,2015-02-27,0,5.3
92242,2015-02-27,1,4.3
92243,2015-02-25,0,0.5
92244,2015-02-25,0,3.9
92245,2015-02-25,0,3.8
92246,2015-02-25,0,3.2
92247,2015-02-25,0,5.4
92248,2015-02-25,0,4.0
92249,2015-02-25,1,3.3
92250,2015-02-25,0,6.9
92251,2015-02-25,1,4.6
92252,2015-02-25,0,4.1
92253,2015-02-25,0,2.2
92254,2015-02-25,1,4.8
92255,2015-02-25,1,3.8
92256,2015-02-23,0,2.5
92257,2015-02-23,0,4.8
92258,2015-02-23,0,2.0
92259,2015-02-23,0,9.5
92260,2015-02-23,0,4.0
92261,2015-02-23,0,5.5
92262,2015-02-23,0,5.2
92263,2015-02-23,1,1.8
92264,2015-02-23,1,3.7
92265,2015-02-23,1,3.4
92266,2015-02-23,0,3.3
92267,2015-02-23,0,3.8
92268,2015-02-23,1,6.0
92269,2015-02-23,1,7.4
92270,2015-02-23,0,4.0
92271,2015-02-23,1,3.2
92272,2015-02-23,0,2.9
92273,2015-02-23,0,2.9
92274,2015-02-23,0,4.6
92275,2015-02-23,1,4.1
92276,2015-02-21,0,6.1
92277,2015-02-21,0,1.4
92278,2015-02-21,0,1.6
92279,2015-02-21,0,1.5
92280,2015-02-21,0,5.4
92281,2015-02-21,0,4.3
92282,2015-02-21,1,3.5
92283,2015-02-21,0,5.6
92284,2015-02-21,1,15.3
92285,2015-02-21,1,3.9
92286,2015-02-21,1,3.9
92287,2015-02-21,1,5.1
92288,2015-02-20,1,3.1
92289,2015-02-20,0,4.7
92290,2015-02-20,0,4.3
92291,2015-02-20,0,5.2
92292,2015-02-20,1,3.7
92293,2015-02-20,0,3.7
92294,2015-02-20,0,2.6
92295,2015-02-20,0,5.6
92296,2015-02-20,0,2.9
92297,2015-02-20,1,1.7
92298,2015-02-20,1,2.9
92299,2015-02-20,1,2.5
92300,2015-02-20,1,2.6
92301,2015-02-20,0,4.8
92302,2015-02-11,1,4.4
92303,2015-02-11,0,7.0
92304,2015-02-11,0,3.3
92305,2015-02-11,1,3.6
92306,2015-02-11,0,2.9
92307,2015-02-11,1,2.0
92308,2015-02-11,0,4.8
92309,2015-02-11,0,3.6
92310,2015-02-11,0,4.0
92311,2015-02-11,0,4.4
92312,2015-02-11,0,3.5
92313,2015-02-11,0,2.6
92314,2015-02-10,0,1.9
92315,2015-02-10,0,2.7
92316,2015-02-10,0,2.3
92317,2015-02-10,0,0.9
92318,2015-02-10,1,5.1
92319,2015-02-10,0,6.0
92320,2015-02-10,1,3.1
92321,2015-02-10,1,1.8
92322,2015-02-10,1,1.4
92323,2015-02-10,0,0.9
92324,2015-02-10,1,3.9
92325,2015-02-10,0,4.2
92326,2015-02-10,1,2.9
92327,2015-02-10,1,4.0
92328,2015-02-10,1,8.3
92329,2015-02-10,0,2.7
92330,2015-02-10,0,5.9
92331,2015-02-10,1,2.0
92332,2015-02-10,1,0.0
92333,2015-02-10,1,4.6
92334,2015-02-10,1,2.7
92335,2015-02-10,1,2.6
92336,2015-02-10,0,4.1
92337,2015-02-08,0,4.1
92338,2015-02-08,1,7.0
92339,2015-02-08,0,2.5
92340,2015-02-08,1,4.6
92341,2015-02-08,0,4.6
92342,2015-02-08,0,2.0
92343,2015-02-08,1,2.0
92344,2015-02-08,0,4.0
92345,2015-02-08,1,3.7
92346,2015-02-08,0,6.1
92347,2015-02-08,1,3.0
92348,2015-02-08,1,4.2
92349,2015-02-08,1,4.9
92350,2015-02-08,1,7.3
92351,2015-02-08,0,4.0
92352,2015-02-08,0,0.6
92353,2015-02-08,0,6.0
92354,2015-02-08,0,5.7
92355,2015-02-08,0,0.9
92356,2015-02-08,0,4.7
92357,2015-02-08,1,2.1
92358,2015-02-08,0,2.1
92359,2015-02-08,1,3.3
92360,2015-02-08,0,2.2
92361,2015-02-08,1,1.0
92362,2015-02-06,0,4.8
92363,2015-02-06,1,3.5
92364,2015-02-06,1,6.6
92365,2015-02-06,1,5.0
92366,2015-02-06,1,2.8
92367,2015-02-06,1,4.1
92368,2015-02-06,1,1.4
92369,2015-02-06,0,5.7
92370,2015-02-06,1,9.0
92371,2015-02-06,0,1.8
92372,2015-02-06,1,2.3
92373,2015-02-06,0,4.5
92374,2015-02-06,1,3.3
92375,2015-02-06,0,2.7
92376,2015-02-04,1,3.6
92377,2015-02-04,0,0.2
92378,2015-02-04,0,4.4
92379,2015-02-04,0,3.2
92380,2015-02-04,0,4.1
92381,2015-02-04,1,3.8
92382,2015-02-04,1,4.6
92383,2015-02-04,0,2.1
92384,2015-02-04,1,4.7
92385,2015-02-04,1,4.8
92386,2015-02-04,1,4.0
92387,2015-02-04,1,0.2
92388,2015-02-04,1,7.9
92389,2015-02-04,0,14.8
92390,2015-02-04,0,3.1
92391,2015-02-04,0,3.8
92392,2015-02-04,0,3.6
92393,2015-02-04,0,2.4
92394,2015-02-04,0,0.6
92395,2015-02-04,1,4.4
92396,2015-01-31,0,4.2
92397,2015-01-31,1,2.9
92398,2015-01-31,1,4.9
92399,2015-01-31,0,2.4
92400,2015-01-31,1,4.7
92401,2015-01-31,0,4.0
92402,2015-01-31,0,2.8
92403,2015-01-31,1,5.6
92404,2015-01-31,0,3.2
92405,2015-01-31,1,3.5
92406,2015-01-31,0,2.8
92407,2015-01-31,1,10.9
92408,2015-01-31,1,1.7
92409,2015-01-31,1,4.1
92410,2015-01-31,0,2.7
92411,2015-01-31,1,5.0
92412,2015-01-31,1,2.5
92413,2015-01-30,0,2.1
92414,2015-01-30,0,2.1
92415,2015-01-30,1,5.0
92416,2015-01-30,0,4.2
92417,2015-01-30,1,2.8
92418,2015-01-30,0,3.3
92419,2015-01-30,0,6.1
92420,2015-01-30,0,7.2
92421,2015-01-30,0,3.1
92422,2015-01-30,1,10.3
92423,2015-01-30,0,1.9
92424,2015-01-30,0,3.8
92425,2015-01-30,0,2.3
92426,2015-01-30,0,5.1
92427,2015-01-30,0,0.7
92428,2015-01-30,1,3.6
92429,2015-01-30,0,3.2
92430,2015-01-30,0,3.1
92431,2015-01-30,0,2.6
92432,2015-01-30,0,5.3
92433,2015-01-30,0,2.2
92434,2015-01-28,1,6.5
92435,2015-01-28,1,3.4
92436,2015-01-28,0,2.5
92437,2015-01-28,0,3.1
92438,2015-01-28,1,4.5
92439,2015-01-28,1,2.7
92440,2015-01-28,0,13.1
92441,2015-01-28,1,4.3
92442,2015-01-28,0,2.7
92443,2015-01-28,1,3.7
92444,2015-01-28,1,4.4
92445,2015-01-28,0,4.1
92446,2015-01-28,0,1.6
92447,2015-01-28,0,3.8
92448,2015-01-25,1,2.2
92449,2015-01-25,0,4.1
92450,2015-01-25,1,1.6
92451,2015-01-25,1,3.1
92452,2015-01-25,1,2.7
92453,2015-01-25,1,4.5
92454,2015-01-25,1,2.3
92455,2015-01-25,1,4.6
92456,2015-01-25,0,6.3
92457,2015-01-25,1,5.1
92458,2015-01-25,0,2.7
92459,2015-01-25,1,4.5
92460,2015-01-25,0,5.4
92461,2015-01-25,1,0.8
92462,2015-01-25,1,6.2
92463,2015-01-25,0,3.2
92464,2015-01-25,0,4.6
92465,2015-01-25,0,5.7
92466,2015-01-25,0,2.5
92467,2015-01-25,1,2.7
92468,2015-01-23,0,1.1
92469,2015-01-23,0,4.9
92470,2015-01-23,0,2.2
92471,2015-01-23,1,4.9
92472,2015-01-23,0,2.2
92473,2015-01-23,1,0.4
92474,2015-01-23,1,10.9
92475,2015-01-23,0,2.5
92476,2015-01-23,0,3.5
92477,2015-01-23,1,4.0
92478,2015-01-23,1,2.7
92479,2015-01-23,0,14.9
92480,2015-01-23,1,1.6
92481,2015-01-23,0,2.8
92482,2015-01-23,0,1.9
92483,2015-01-23,0,4.0
92484,2015-01-23,1,1.2
92485,2015-01-23,1,1.4
92486,2015-01-21,1,5.2
92487,2015-01-21,0,3.7
92488,2015-01-21,0,2.1
92489,2015-01-21,0,4.0
92490,2015-01-21,1,1.9
92491,2015-01-21,0,1.6
92492,2015-01-21,0,3.5
92493,2015-01-21,0,5.1
92494,2015-01-21,0,4.1
92495,2015-01-21,1,3.7
92496,2015-01-21,0,2.7
92497,2015-01-21,1,5.4
92498,2015-01-21,0,4.3
92499,2015-01-21,1,1.5
92500,2015-01-21,1,6.5
92501,2015-01-21,1,6.3
92502,2015-01-21,1,2.0
92503,2015-01-21,0,2.0
92504,2015-01-19,1,2.8
92505,2015-01-19,0,8.3
92506,2015-01-19,1,4.6
92507,2015-01-19,1,3.9
92508,2015-01-19,0,2.9
92509,2015-01-19,1,6.3
92510,2015-01-19,1,7.9
92511,2015-01-19,1,5.1
92512,2015-01-19,1,3.3
92513,2015-01-19,1,6.8
92514,2015-01-19,0,3.8
92515,2015-01-19,0,3.7
92516,2015-01-19,1,2.1
92517,2015-01-19,1,4.7
92518,2015-01-19,0,7.0
92519,2015-01-19,1,4.7
92520,2015-01-19,1,4.6
92521,2015-01-19,0,4.3
92522,2015-01-17,0,2.9
92523,2015-01-17,0,4.1
92524,2015-01-17,1,3.0
92525,2015-01-17,0,3.5
92526,2015-01-17,1,4.5
92527,2015-01-17,0,1.0
92528,2015-01-17,0,5.8
92529,2015-01-17,0,4.0
92530,2015-01-17,0,0.9
92531,2015-01-17,0,5.2
92532,2015-01-17,0,0.0
92533,2015-01-17,0,4.8
92534,2015-01-17,1,4.8
92535,2015-01-17,1,1.8
92536,2015-01-17,0,6.2
92537,2015-01-15,1,1.2
92538,2015-01-15,1,3.4
92539,2015-01-15,0,2.2
92540,2015-01-15,1,3.0
92541,2015-01-15,1,3.5
92542,2015-01-15,0,6.8
92543,2015-01-15,1,3.2
92544,2015-01-15,1,3.2
92545,2015-01-15,1,3.2
92546,2015-01-15,1,3.6
92547,2015-01-15,0,2.2
92548,2015-01-15,0,4.0
92549,2015-01-15,1,3.0
92550,2015-01-15,0,1.9
92551,2015-01-15,0,3.7
92552,2015-01-14,0,3.0
92553,2015-01-14,1,4.5
92554,2015-01-14,1,2.4
92555,2015-01-14,1,2.5
92556,2015-01-14,1,3.5
92557,2015-01-14,1,6.3
92558,2015-01-14,1,1.3
92559,2015-01-14,0,4.0
92560,2015-01-14,1,2.9
92561,2015-01-14,0,2.3
92562,2015-01-14,1,3.9
92563,2015-01-14,1,2.9
92564,2015-01-14,1,2.6
92565,2015-01-14,0,1.7
92566,2015-01-14,0,2.4
92567,2015-01-14,0,2.7
92568,2015-01-12,1,4.2
92569,2015-01-12,1,3.4
92570,2015-01-12,1,3.5
92571,2015-01-12,1,3.2
92572,2015-01-12,0,4.2
92573,2015-01-12,1,1.9
92574,2015-01-12,1,3.7
92575,2015-01-12,1,3.5
92576,2015-01-12,0,6.1
92577,2015-01-12,0,4.7
92578,2015-01-12,1,4.6
92579,2015-01-12,1,4.0
92580,2015-01-12,0,0.8
92581,2015-01-10,1,2.9
92582,2015-01-10,0,3.7
92583,2015-01-10,1,1.9
92584,2015-01-10,0,5.0
92585,2015-01-10,0,6.4
92586,2015-01-10,1,3.4
92587,2015-01-10,1,6.4
92588,2015-01-10,1,2.9
92589,2015-01-10,0,3.0
92590,2015-01-10,1,3.7
92591,2015-01-10,1,5.4
92592,2015-01-10,1,6.4
92593,2015-01-10,0,5.1
92594,2015-01-10,0,4.3
92595,2015-01-08,0,3.5
92596,2015-01-08,1,4.0
92597,2015-01-08,1,3.2
92598,2015-01-08,1,5.5
92599,2015-01-08,1,6.4
92600,2015-01-08,0,2.7
92601,2015-01-08,0,1.9
92602,2015-01-08,0,5.4
92603,2015-01-08,1,4.2
92604,2015-01-08,0,4.8
92605,2015-01-08,1,4.4
92606,2015-01-08,1,5.4
92607,2015-01-08,0,4.2
92608,2015-01-08,0,0.6
92609,2015-01-08,1,7.7
92610,2015-01-08,0,3.0
92611,2015-01-08,0,3.7
92612,2015-01-07,0,2.9
92613,2015-01-07,0,0.8
92614,2015-01-07,1,4.7
92615,2015-01-07,0,2.8
92616,2015-01-07,0,3.1
92617,2015-01-07,0,2.6
92618,2015-01-07,1,3.2
92619,2015-01-07,0,1.7
92620,2015-01-07,0,4.3
92621,2015-01-07,0,4.6
92622,2015-01-07,0,2.2
92623,2015-01-07,1,12.7
92624,2015-01-07,0,4.2
92625,2015-01-07,0,4.3
92626,2015-01-07,1,3.1
92627,2015-01-07,1,3.0
92628,2015-01-07,0,5.9
92629,2015-01-07,1,5.4
92630,2015-01-05,1,9.1
92631,2015-01-05,1,4.0
92632,2015-01-05,1,4.6
92633,2015-01-05,0,2.0
92634,2015-01-05,0,2.9
92635,2015-01-05,0,1.0
92636,2015-01-05,1,2.0
92637,2015-01-05,0,1.1
92638,2015-01-05,0,0.6
92639,2015-01-05,1,4.1
92640,2015-01-05,1,4.8
92641,2015-01-05,1,2.0
92642,2015-01-05,0,6.0
92643,2015-01-05,0,0.7
92644,2015-01-05,0,3.3
92645,2015-01-05,0,2.3
92646,2015-01-05,0,3.1
92647,2015-01-05,0,5.3
92648,2015-01-05,0,2.2
92649,2015-01-05,0,2.7
92650,2015-01-05,0,4.8
92651,2015-01-05,0,4.6
92652,2015-01-03,0,2.6
92653,2015-01-03,1,5.7
92654,2015-01-03,1,2.6
92655,2015-01-03,0,6.3
92656,2015-01-03,0,3.2
92657,2015-01-03,1,2.3
92658,2015-01-03,0,2.8
92659,2015-01-03,1,1.5
92660,2015-01-03,0,1.6
92661,2015-01-03,1,15.6
92662,2015-01-03,0,4.2
92663,2015-01-03,1,4.7
92664,2015-01-03,1,2.4
92665,2015-01-03,0,3.9
92666,2015-01-03,1,1.8
92667,2015-01-03,1,5.1
92668,2015-01-03,0,3.7
92669,2015-01-02,0,11.1
92670,2015-01-02,1,2.7
92671,2015-01-02,0,2.3
92672,2015-01-02,1,4.3
92673,2015-01-02,0,2.6
92674,2015-01-02,1,3.0
92675,2015-01-02,0,3.0
92676,2015-01-02,1,4.3
92677,2015-01-02,1,2.0
92678,2015-01-02,0,5.7
92679,2015-01-02,0,1.7
92680,2015-01-02,0,2.9
92681,2015-01-02,0,6.7
92682,2014-12-31,0,4.9
92683,2014-12-31,0,3.4
92684,2014-12-31,1,4.2
92685,2014-12-31,0,6.0
92686,2014-12-31,1,1.5
92687,2014-12-31,1,8.8
92688,2014-12-31,0,1.2
92689,2014-12-31,1,2.8
92690,2014-12-31,1,3.7
92691,2014-12-31,0,4.2
92692,2014-12-31,0,1.5
92693,2014-12-31,1,8.9
92694,2014-12-31,1,0.9
92695,2014-12-31,1,5.5
92696,2014-12-31,0,0.0
92697,2014-12-31,1,3.5
92698,2014-12-31,1,4.2
92699,2014-12-31,1,3.5
92700,2014-12-31,1,3.2
92701,2014-12-29,0,3.1
92702,2014-12-29,1,2.0
92703,2014-12-29,0,5.4
92704,2014-12-29,0,1.3
92705,2014-12-29,1,2.9
92706,2014-12-29,1,2.7
92707,2014-12-29,1,6.2
92708,2014-12-29,0,3.9
92709,2014-12-29,1,4.3
92710,2014-12-29,1,3.3
92711,2014-12-29,0,4.0
92712,2014-12-29,0,1.0
92713,2014-12-29,0,3.1
92714,2014-12-29,1,1.8
92715,2014-12-29,0,3.0
92716,2014-12-29,0,4.1
92717,2014-12-29,0,3.7
92718,2014-12-29,1,4.5
92719,2014-12-29,1,5.6
92720,2014-12-29,0,1.3
92721,2014-12-29,1,1.2
92722,2014-12-29,1,4.4
92723,2014-12-29,1,3.3
92724,2014-12-28,1,5.0
92725,2014-12-28,1,2.1
92726,2014-12-28,0,2.4
92727,2014-12-28,1,5.2
92728,2014-12-28,0,3.2
92729,2014-12-28,0,5.6
92730,2014-12-28,0,3.5
92731,2014-12-28,1,2.7
92732,2014-12-28,1,2.4
92733,2014-12-28,1,0.5
92734,2014-12-28,0,2.2
92735,2014-12-28,1,2.9
92736,2014-12-28,1,17.0
92737,2014-12-28,0,3.0
92738,2014-12-28,0,3.4
92739,2014-12-28,0,1.2
92740,2014-12-28,1,10.7
92741,2014-12-28,1,4.8
92742,2014-12-26,0,6.5
92743,2014-12-26,0,11.2
92744,2014-12-26,1,3.3
92745,2014-12-26,1,1.5
92746,2014-12-26,1,3.1
92747,2014-12-26,1,3.8
92748,2014-12-26,0,3.3
92749,2014-12-26,0,3.4
92750,2014-12-26,1,4.5
92751,2014-12-26,0,1.3
92752,2014-12-26,1,2.5
92753,2014-12-26,1,3.7
92754,2014-12-26,0,4.7
92755,2014-12-26,1,4.6
92756,2014-12-26,1,2.2
92757,2014-12-26,0,2.8
92758,2014-12-26,1,12.0
92759,2014-12-22,1,4.2
92760,2014-12-22,0,3.3
92761,2014-12-22,0,3.0
92762,2014-12-22,1,3.2
92763,2014-12-22,0,0.7
92764,2014-12-22,1,2.4
92765,2014-12-22,1,3.4
92766,2014-12-22,1,2.8
92767,2014-12-22,1,3.8
92768,2014-12-22,0,6.3
92769,2014-12-22,0,4.8
92770,2014-12-22,1,3.0
92771,2014-12-22,0,0.4
92772,2014-12-22,1,1.5
92773,2014-12-22,1,0.8
92774,2014-12-22,0,5.3
92775,2014-12-22,1,0.2
92776,2014-12-22,0,1.8
92777,2014-12-22,1,3.5
92778,2014-12-22,0,5.9
92779,2014-12-22,1,4.4
92780,2014-12-22,1,3.6
92781,2014-12-22,0,2.0
92782,2014-12-22,0,3.5
92783,2014-12-22,1,4.0
92784,2014-12-22,0,2.4
92785,2014-12-20,0,4.5
92786,2014-12-20,0,7.7
92787,2014-12-20,0,3.4
92788,2014-12-20,0,6.1
92789,2014-12-20,0,5.9
92790,2014-12-20,0,2.6
92791,2014-12-20,0,3.0
92792,2014-12-20,1,6.2
92793,2014-12-20,1,2.6
92794,2014-12-20,1,3.3
92795,2014-12-20,1,4.5
92796,2014-12-20,0,8.0
92797,2014-12-20,1,1.8
92798,2014-12-20,0,0.9
92799,2014-12-20,0,2.5
92800,2014-12-20,0,3.7
92801,2014-12-18,0,4.2
92802,2014-12-18,1,13.7
92803,2014-12-18,1,2.3
92804,2014-12-18,0,3.5
92805,2014-12-18,0,1.8
92806,2014-12-18,0,1.2
92807,2014-12-18,1,4.2
92808,2014-12-18,0,4.7
92809,2014-12-18,0,2.9
92810,2014-12-18,0,2.7
92811,2014-12-18,1,1.9
92812,2014-12-18,0,5.1
92813,2014-12-18,0,2.2
92814,2014-12-18,1,2.6
92815,2014-12-18,0,5.0
92816,2014-12-18,0,4.3
92817,2014-12-18,0,2.8
92818,2014-12-18,0,2.3
92819,2014-12-18,0,2.6
92820,2014-12-18,1,0.3
92821,2014-12-18,1,3.8
92822,2014-12-18,0,4.4
92823,2014-12-18,1,3.4
92824,2014-12-17,1,6.6
92825,2014-12-17,1,3.0
92826,2014-12-17,0,3.3
92827,2014-12-17,0,4.2
92828,2014-12-17,1,2.8
92829,2014-12-17,0,4.3
92830,2014-12-17,1,0.3
92831,2014-12-17,1,2.1
92832,2014-12-17,1,1.6
92833,2014-12-17,1,4.6
92834,2014-12-17,0,5.5
92835,2014-12-17,0,6.2
92836,2014-12-17,1,5.2
92837,2014-12-17,0,4.6
92838,2014-12-17,0,0.8
92839,2014-12-17,0,4.5
92840,2014-12-17,0,4.4
92841,2014-12-17,0,4.9
92842,2014-12-17,1,3.7
92843,2014-12-17,1,2.1
92844,2014-12-17,1,4.6
92845,2014-12-13,0,5.0
92846,2014-12-13,0,3.2
92847,2014-12-13,1,4.2
92848,2014-12-13,0,1.5
92849,2014-12-13,0,2.3
92850,2014-12-13,0,2.4
92851,2014-12-13,0,4.9
92852,2014-12-13,0,2.5
92853,2014-12-13,1,3.5
92854,2014-12-13,1,1.7
92855,2014-12-13,1,5.0
92856,2014-12-13,0,6.0
92857,2014-12-13,0,1.9
92858,2014-12-13,0,0.8
92859,2014-12-13,1,0.4
92860,2014-12-13,0,3.8
92861,2014-12-13,0,0.3
92862,2014-12-13,1,2.9
92863,2014-12-13,1,4.7
92864,2014-12-13,0,3.7
92865,2014-12-11,0,1.2
92866,2014-12-11,1,4.6
92867,2014-12-11,0,4.2
92868,2014-12-11,0,4.0
92869,2014-12-11,1,3.8
92870,2014-12-11,0,3.8
92871,2014-12-11,1,3.7
92872,2014-12-11,0,2.0
92873,2014-12-11,0,4.9
92874,2014-12-11,0,5.0
92875,2014-12-11,1,4.3
92876,2014-12-11,1,5.8
92877,2014-12-11,0,8.7
92878,2014-12-11,0,4.7
92879,2014-12-11,1,1.8
92880,2014-12-11,1,2.8
92881,2014-12-11,0,1.5
92882,2014-12-11,0,0.3
92883,2014-12-11,0,2.5
92884,2014-12-11,1,0.2
92885,2014-12-11,0,2.2
92886,2014-12-11,0,2.6
92887,2014-12-11,0,4.7
92888,2014-12-11,1,1.8
92889,2014-12-11,0,2.8
92890,2014-12-11,1,2.9
92891,2014-12-11,0,2.9
92892,2014-12-11,1,1.7
92893,2014-12-11,1,3.6
92894,2014-12-11,1,3.4
92895,2014-12-11,0,3.4
92896,2014-12-11,1,4.5
92897,2014-12-10,1,0.2
92898,2014-12-10,1,1.5
92899,2014-12-10,1,5.7
92900,2014-12-10,0,0.9
92901,2014-12-10,0,3.2
92902,2014-12-10,1,5.2
92903,2014-12-10,1,3.7
92904,2014-12-10,0,0.9
92905,2014-12-10,0,1.6
92906,2014-12-10,0,7.7
92907,2014-12-10,1,4.0
92908,2014-12-10,0,4.4
92909,2014-12-10,1,3.8
92910,2014-12-10,1,4.2
92911,2014-12-10,0,7.5
92912,2014-12-10,0,3.2
92913,2014-12-10,0,2.9
92914,2014-12-10,1,2.3
92915,2014-12-10,1,1.9
92916,2014-12-10,0,5.0
92917,2014-12-10,1,2.7
92918,2014-12-10,1,4.4
92919,2014-12-10,0,4.3
92920,2014-12-10,1,2.3
92921,2014-12-10,1,5.0
92922,2014-12-10,0,5.4
92923,2014-12-10,0,2.5
92924,2014-12-06,0,0.9
92925,2014-12-06,0,5.3
92926,2014-12-06,1,3.9
92927,2014-12-06,0,4.6
92928,2014-12-06,1,2.0
92929,2014-12-06,0,2.4
92930,2014-12-06,0,1.1
92931,2014-12-06,0,2.0
92932,2014-12-06,1,1.5
92933,2014-12-06,0,1.0
92934,2014-12-06,0,6.4
92935,2014-12-06,0,1.9
92936,2014-12-06,0,2.7
92937,2014-12-06,0,3.7
92938,2014-12-06,0,6.4
92939,2014-12-06,1,4.5
92940,2014-12-06,1,5.7
92941,2014-12-06,0,3.0
92942,2014-12-06,0,2.6
92943,2014-12-06,0,7.0
92944,2014-12-06,0,3.6
92945,2014-12-05,1,1.0
92946,2014-12-05,1,5.0
92947,2014-12-05,0,3.2
92948,2014-12-05,0,1.9
92949,2014-12-05,1,5.2
92950,2014-12-05,1,2.3
92951,2014-12-05,1,2.2
92952,2014-12-05,1,2.8
92953,2014-12-05,1,2.4
92954,2014-12-05,0,6.0
92955,2014-12-05,1,4.4
92956,2014-12-05,1,3.2
92957,2014-12-05,1,4.5
92958,2014-12-05,0,0.5
92959,2014-12-05,0,4.8
92960,2014-12-05,1,4.7
92961,2014-12-05,0,0.7
92962,2014-12-03,0,4.5
92963,2014-12-03,1,3.0
92964,2014-12-03,1,1.9
92965,2014-12-03,1,5.6
92966,2014-12-03,1,4.8
92967,2014-12-03,0,6.1
92968,2014-12-03,0,1.9
92969,2014-12-03,0,5.5
92970,2014-12-03,1,3.4
92971,2014-12-03,0,2.5
92972,2014-12-03,1,2.5
92973,2014-11-29,0,2.0
92974,2014-11-29,0,3.8
92975,2014-11-29,1,1.9
92976,2014-11-29,1,5.6
92977,2014-11-29,0,2.4
92978,2014-11-29,1,4.8
92979,2014-11-29,0,1.2
92980,2014-11-29,1,4.4
92981,2014-11-29,1,2.8
92982,2014-11-29,1,3.4
92983,2014-11-29,1,2.6
92984,2014-11-29,1,3.7
92985,2014-11-29,1,2.1
92986,2014-11-29,0,4.3
92987,2014-11-28,0,3.6
92988,2014-11-28,1,4.4
92989,2014-11-28,1,2.1
92990,2014-11-28,1,5.2
92991,2014-11-28,0,4.0
92992,2014-11-28,0,4.4
92993,2014-11-28,0,9.9
92994,2014-11-28,1,1.6
92995,2014-11-28,1,2.2
92996,2014-11-28,0,4.5
92997,2014-11-28,0,0.2
92998,2014-11-28,0,3.1
92999,2014-11-26,0,3.7
93000,2014-11-26,1,1.4
93001,2014-11-26,0,3.3
93002,2014-11-26,1,6.1
93003,2014-11-26,1,5.7
93004,2014-11-26,1,3.5
93005,2014-11-26,0,2.8
93006,2014-11-26,0,0.0
93007,2014-11-26,1,4.1
93008,2014-11-26,0,2.8
93009,2014-11-26,0,5.3
93010,2014-11-26,0,1.3
93011,2014-11-26,0,0.9
93012,2014-11-26,0,4.4
93013,2014-11-26,0,4.0
93014,2014-11-26,0,3.6
93015,2014-11-26,0,5.4
93016,2014-11-26,0,4.5
93017,2014-11-26,0,4.6
93018,2014-11-26,0,1.3
93019,2014-11-26,0,2.5
93020,2014-11-26,1,0.4
93021,2014-11-26,0,4.6
93022,2014-11-26,0,3.6
93023,2014-11-26,0,6.9
93024,2014-11-26,1,6.3
93025,2014-11-26,0,1.7
93026,2014-11-26,0,4.0
93027,2014-11-26,1,7.0
93028,2014-11-26,1,16.5
93029,2014-11-26,1,4.4
93030,2014-11-24,0,3.8
93031,2014-11-24,0,7.5
93032,2014-11-24,1,6.6
93033,2014-11-24,1,6.1
93034,2014-11-24,0,6.8
93035,2014-11-24,0,1.5
93036,2014-11-24,1,4.0
93037,2014-11-24,1,3.8
93038,2014-11-24,0,4.6
93039,2014-11-24,0,2.6
93040,2014-11-24,1,5.0
93041,2014-11-24,0,7.6
93042,2014-11-24,1,6.4
93043,2014-11-24,1,3.1
93044,2014-11-24,1,4.7
93045,2014-11-24,0,3.0
93046,2014-11-24,1,5.0
93047,2014-11-24,0,0.7
93048,2014-11-24,0,4.5
93049,2014-11-24,1,4.2
93050,2014-11-24,1,6.9
93051,2014-11-24,0,3.6
93052,2014-11-22,1,4.5
93053,2014-11-22,1,2.6
93054,2014-11-22,0,4.1
93055,2014-11-22,1,5.4
93056,2014-11-22,0,5.0
93057,2014-11-22,1,4.1
93058,2014-11-22,0,5.0
93059,2014-11-22,0,2.7
93060,2014-11-22,1,1.7
93061,2014-11-22,1,3.2
93062,2014-11-22,0,6.4
93063,2014-11-22,0,4.6
93064,2014-11-22,0,2.3
93065,2014-11-22,1,5.4
93066,2014-11-22,0,8.8
93067,2014-11-22,0,4.6
93068,2014-11-22,0,4.1
93069,2014-11-22,1,0.1
93070,2014-11-19,0,5.2
93071,2014-11-19,1,2.9
93072,2014-11-19,1,1.1
93073,2014-11-19,0,1.8
93074,2014-11-19,1,3.5
93075,2014-11-19,1,5.7
93076,2014-11-19,1,3.5
93077,2014-11-19,0,2.9
93078,2014-11-19,1,2.9
93079,2014-11-19,1,3.3
93080,2014-11-19,0,2.5
93081,2014-11-17,1,10.7
93082,2014-11-17,0,4.2
93083,2014-11-17,0,1.5
93084,2014-11-17,0,5.6
93085,2014-11-17,0,2.7
93086,2014-11-17,0,8.0
93087,2014-11-17,0,4.8
93088,2014-11-17,0,5.3
93089,2014-11-16,1,3.3
93090,2014-11-16,1,4.3
93091,2014-11-16,0,2.5
93092,2014-11-16,0,3.0
93093,2014-11-16,0,4.0
93094,2014-11-16,0,4.1
93095,2014-11-16,0,5.0
93096,2014-11-16,0,3.3
93097,2014-11-16,0,6.0
93098,2014-11-16,0,4.3
93099,2014-11-16,0,1.4
93100,2014-11-16,1,3.4
93101,2014-11-16,0,5.6
93102,2014-11-16,0,3.3
93103,2014-11-16,1,3.2
93104,2014-11-16,1,4.4
93105,2014-11-16,0,3.7
93106,2014-11-14,1,3.5
93107,2014-11-14,1,1.9
93108,2014-11-14,1,3.4
93109,2014-11-14,1,2.2
93110,2014-11-14,0,5.5
93111,2014-11-14,0,3.6
93112,2014-11-14,1,2.0
93113,2014-11-14,1,3.1
93114,2014-11-14,0,4.7
93115,2014-11-14,0,9.1
93116,2014-11-14,1,2.6
93117,2014-11-14,0,5.1
93118,2014-11-14,0,2.4
93119,2014-11-14,1,1.4
93120,2014-11-14,0,3.7
93121,2014-11-14,0,4.0
93122,2014-11-14,1,4.5
93123,2014-11-14,0,3.5
93124,2014-11-14,0,3.8
93125,2014-11-14,0,5.6
93126,2014-11-14,0,2.6
93127,2014-11-14,0,1.9
93128,2014-11-14,1,2.2
93129,2014-11-08,0,3.6
93130,2014-11-08,0,4.9
93131,2014-11-08,1,3.8
93132,2014-11-08,0,4.2
93133,2014-11-08,1,3.0
93134,2014-11-08,0,3.4
93135,2014-11-08,0,2.2
93136,2014-11-08,1,2.4
93137,2014-11-08,1,3.3
93138,2014-11-08,1,4.1
93139,2014-11-08,0,2.1
93140,2014-11-08,0,4.4
93141,2014-11-08,1,0.8
93142,2014-11-08,0,3.7
93143,2014-11-08,0,4.5
93144,2014-11-08,0,4.3
93145,2014-11-08,0,4.3
93146,2014-11-08,0,2.8
93147,2014-11-08,1,3.3
93148,2014-11-08,0,5.1
93149,2014-11-08,0,3.3
93150,2014-11-08,0,2.7
93151,2014-11-08,1,4.4
93152,2014-11-08,0,5.0
93153,2014-11-06,0,4.4
93154,2014-11-06,1,1.9
93155,2014-11-06,1,2.8
93156,2014-11-06,0,4.9
93157,2014-11-06,0,2.2
93158,2014-11-06,1,1.8
93159,2014-11-06,0,4.0
93160,2014-11-06,1,2.2
93161,2014-11-06,1,2.9
93162,2014-11-06,1,1.4
93163,2014-11-06,1,3.9
93164,2014-11-06,0,7.3
93165,2014-11-06,1,1.5
93166,2014-11-06,0,6.1
93167,2014-11-06,0,4.0
93168,2014-11-04,0,3.8
93169,2014-11-04,1,6.9
93170,2014-11-04,0,3.7
93171,2014-11-04,0,2.8
93172,2014-11-04,1,5.1
93173,2014-11-04,1,1.1
93174,2014-11-04,0,4.4
93175,2014-11-04,1,4.1
93176,2014-11-04,1,2.4
93177,2014-11-04,0,9.0
93178,2014-11-04,0,5.3
93179,2014-11-04,0,3.8
93180,2014-11-04,1,2.1
93181,2014-11-03,1,4.1
93182,2014-11-03,0,6.1
93183,2014-11-03,1,2.6
93184,2014-11-03,0,6.8
93185,2014-11-03,1,1.8
93186,2014-11-03,0,4.9
93187,2014-11-03,0,3.0
93188,2014-11-03,1,1.4
93189,2014-11-03,1,7.6
93190,2014-11-03,0,2.8
93191,2014-11-03,0,5.6
93192,2014-11-03,0,4.5
93193,2014-11-03,0,4.5
93194,2014-11-03,1,5.6
93195,2014-11-03,0,3.5
93196,2014-11-03,0,2.1
93197,2014-11-03,0,2.4
93198,2014-11-03,1,3.5
93199,2014-11-01,0,1.6
93200,2014-11-01,1,5.0
93201,2014-11-01,1,3.9
93202,2014-11-01,0,4.2
93203,2014-11-01,0,1.6
93204,2014-11-01,0,3.6
93205,2014-11-01,0,5.5
93206,2014-11-01,0,2.6
93207,2014-11-01,0,2.5
93208,2014-11-01,1,4.6
93209,2014-11-01,0,3.8
93210,2014-11-01,1,5.5
93211,2014-11-01,0,0.6
93212,2014-11-01,1,2.8
93213,2014-10-29,0,0.6
93214,2014-10-29,0,3.7
93215,2014-10-29,1,1.4
93216,2014-10-29,0,8.3
93217,2014-10-29,0,1.7
93218,2014-10-29,1,4.2
93219,2014-10-29,0,2.4
93220,2014-10-29,0,2.7
93221,2014-10-29,1,5.3
93222,2014-10-29,1,3.4
93223,2014-10-29,0,2.1
93224,2014-10-29,0,4.8
93225,2014-10-29,0,4.3
93226,2014-10-29,0,3.5
93227,2014-10-29,0,5.2
93228,2014-10-29,1,3.7
93229,2014-10-29,0,3.4
93230,2014-10-29,1,3.8
93231,2014-10-28,0,6.6
93232,2014-10-28,0,0.5
93233,2014-10-28,1,4.0
93234,2014-10-28,0,3.3
93235,2014-10-28,1,1.0
93236,2014-10-28,0,7.8
93237,2014-10-28,1,4.4
93238,2014-10-28,1,3.4
93239,2014-10-28,0,3.1
93240,2014-10-28,1,0.9
93241,2014-10-28,0,3.3
93242,2014-10-28,0,2.4
93243,2014-10-28,0,0.7
93244,2014-10-28,0,1.9
93245,2014-10-28,1,5.0
93246,2014-10-28,1,3.6
93247,2014-10-28,0,4.1
